{"0":{"0":-1.2945467657,"1":1.094388888,"2":0.3491963795},"1":{"0":-0.2458998197,"1":1.2426738467,"2":-0.6235327147},"2":{"0":-0.1450937028,"1":1.179430991,"2":-0.6653759084},"3":{"0":-1.1806315743,"1":1.0813002808,"2":0.2629927914},"4":{"0":-1.3772013739,"1":0.6905154375,"2":0.6873241866},"5":{"0":-1.3779170637,"1":0.6767391194,"2":0.6971048069},"6":{"0":-1.2451317832,"1":0.6680062067,"2":0.5922723482},"7":{"0":-1.2624698821,"1":0.6247678419,"2":0.6355463404},"8":{"0":-1.2589971157,"1":0.5669897564,"2":0.6711710922},"9":{"0":-0.0134846634,"1":-0.0417768087,"2":0.0390884252}}